Label,num_projects,projects
good first issue,19,"['astral-sh_uv', 'vuetifyjs_vuetify', 'angular_angular', 'FuelLabs_sway', 'tailwindlabs_tailwindcss', 'pingcap_tidb', 'pytorch_pytorch', 'microsoft_terminal', 'nodejs_node', 'bitcoin_bitcoin', 'sveltejs_svelte', 'vercel_next.js', 'elastic_elasticsearch', 'denoland_deno', 'laurent22_joplin', 'JuliaLang_julia', 'AlistGo_alist', 'microsoft_vscode', 'go-gitea_gitea']"
help wanted,13,"['astral-sh_uv', 'vuetifyjs_vuetify', 'angular_angular', 'golang_go', 'vim_vim', 'pingcap_tidb', 'nodejs_node', 'sveltejs_svelte', 'elastic_elasticsearch', 'denoland_deno', 'JuliaLang_julia', 'AlistGo_alist', 'microsoft_vscode']"
duplicate,8,"['astral-sh_uv', 'vuetifyjs_vuetify', 'junegunn_fzf', 'vim_vim', 'pingcap_tidb', 'denoland_deno', 'JuliaLang_julia', 'AlistGo_alist']"
wontfix,8,"['astral-sh_uv', 'vuetifyjs_vuetify', 'junegunn_fzf', 'vim_vim', 'pingcap_tidb', 'nodejs_node', 'sveltejs_svelte', 'AlistGo_alist']"
invalid,8,"['vuetifyjs_vuetify', 'junegunn_fzf', 'golang_go', 'vim_vim', 'denoland_deno', 'JuliaLang_julia', 'AlistGo_alist', 'microsoft_vscode']"
hacktoberfest-accepted,5,"['vim_vim', 'facebook_react-native', 'microsoft_terminal', 'vercel_next.js', 'microsoft_vscode']"
hacktoberfest,4,"['pingcap_tidb', 'pytorch_pytorch', 'microsoft_vscode', 'go-gitea_gitea']"
Stale,3,"['php_php-src', 'facebook_react-native', 'gohugoio_hugo']"
needs reproduction,3,"['angular_angular', 'tailwindlabs_tailwindcss', 'pytorch_pytorch']"
discuss,3,"['vim_vim', 'nodejs_node', 'elastic_elasticsearch']"
high priority,3,"['pytorch_pytorch', 'denoland_deno', 'AlistGo_alist']"
has workaround,2,"['vuetifyjs_vuetify', 'pytorch_pytorch']"
P: critical,2,"['vuetifyjs_vuetify', 'FuelLabs_sway']"
P: high,2,"['vuetifyjs_vuetify', 'FuelLabs_sway']"
P: low,2,"['vuetifyjs_vuetify', 'FuelLabs_sway']"
outdated,2,"['junegunn_fzf', 'denoland_deno']"
needs triage,2,"['angular_angular', 'denoland_deno']"
NeedsInvestigation,2,"['golang_go', 'gohugoio_hugo']"
v2,2,"['golang_go', 'tailwindlabs_tailwindcss']"
accepted,2,"['ziglang_zig', 'AlistGo_alist']"
status: blocked,2,"['spring-projects_spring-framework', 'spring-projects_spring-boot']"
status: declined,2,"['spring-projects_spring-framework', 'spring-projects_spring-boot']"
status: duplicate,2,"['spring-projects_spring-framework', 'spring-projects_spring-boot']"
status: feedback-provided,2,"['spring-projects_spring-framework', 'spring-projects_spring-boot']"
status: feedback-reminder,2,"['spring-projects_spring-framework', 'spring-projects_spring-boot']"
status: ideal-for-contribution,2,"['spring-projects_spring-framework', 'spring-projects_spring-boot']"
status: invalid,2,"['spring-projects_spring-framework', 'spring-projects_spring-boot']"
status: on-hold,2,"['spring-projects_spring-framework', 'spring-projects_spring-boot']"
status: pending-design-work,2,"['spring-projects_spring-framework', 'spring-projects_spring-boot']"
status: superseded,2,"['spring-projects_spring-framework', 'spring-projects_spring-boot']"
status: waiting-for-feedback,2,"['spring-projects_spring-framework', 'spring-projects_spring-boot']"
status: waiting-for-internal-feedback,2,"['spring-projects_spring-framework', 'spring-projects_spring-boot']"
status: waiting-for-triage,2,"['spring-projects_spring-framework', 'spring-projects_spring-boot']"
Merged,2,"['facebook_react-native', 'pytorch_pytorch']"
size/L,2,"['pingcap_tidb', 'AlistGo_alist']"
size/M,2,"['pingcap_tidb', 'AlistGo_alist']"
size/S,2,"['pingcap_tidb', 'AlistGo_alist']"
size/XL,2,"['pingcap_tidb', 'AlistGo_alist']"
size/XS,2,"['pingcap_tidb', 'AlistGo_alist']"
size/XXL,2,"['pingcap_tidb', 'AlistGo_alist']"
hackathon,2,"['pytorch_pytorch', 'microsoft_vscode']"
low priority,2,"['pytorch_pytorch', 'AlistGo_alist']"
triaged,2,"['pytorch_pytorch', 'elastic_elasticsearch']"
blocked,2,"['nodejs_node', 'microsoft_vscode']"
needs more info,2,"['nodejs_node', 'JuliaLang_julia']"
needs discussion,2,"['sveltejs_svelte', 'denoland_deno']"
v6.5.5,2,"['elastic_elasticsearch', 'elastic_elasticsearch']"
do-not-merge,1,['astral-sh_uv']
great writeup,1,['astral-sh_uv']
needs-decision,1,['astral-sh_uv']
needs-design,1,['astral-sh_uv']
needs-mre,1,['astral-sh_uv']
HACKTOBERFEST-ACCEPTED,1,['vuetifyjs_vuetify']
missing information,1,['vuetifyjs_vuetify']
P: elite sponsor,1,['vuetifyjs_vuetify']
P: sponsor,1,['vuetifyjs_vuetify']
pending review,1,['vuetifyjs_vuetify']
pending team review,1,['vuetifyjs_vuetify']
PR: don't squash,1,['vuetifyjs_vuetify']
S: bulk closed,1,['vuetifyjs_vuetify']
S: has merge conflicts,1,['vuetifyjs_vuetify']
S: maybe,1,['vuetifyjs_vuetify']
S: needs docs update,1,['vuetifyjs_vuetify']
S: needs more information,1,['vuetifyjs_vuetify']
S: needs reproduction,1,['vuetifyjs_vuetify']
S: needs unit tests,1,['vuetifyjs_vuetify']
S: on hold,1,['vuetifyjs_vuetify']
S: stale,1,['vuetifyjs_vuetify']
S: triage,1,['vuetifyjs_vuetify']
S: work in progress,1,['vuetifyjs_vuetify']
semver: major,1,['vuetifyjs_vuetify']
semver: minor,1,['vuetifyjs_vuetify']
Vuetify 2,1,['vuetifyjs_vuetify']
Vuetify 3 - Phase 1,1,['vuetifyjs_vuetify']
Vuetify 3 - Phase 2,1,['vuetifyjs_vuetify']
Vuetify 3 - Phase 3,1,['vuetifyjs_vuetify']
Vuetify 3 - Phase 4,1,['vuetifyjs_vuetify']
working as intended,1,['vuetifyjs_vuetify']
discussion,1,['junegunn_fzf']
help-needed,1,['junegunn_fzf']
invalid: missing template,1,['junegunn_fzf']
no-response,1,['junegunn_fzf']
not-reproducible,1,['junegunn_fzf']
pending,1,['junegunn_fzf']
Proof of Concept,1,['php_php-src']
Quickfix,1,['php_php-src']
Status: Cannot Reproduce,1,['php_php-src']
Status: Duplicate,1,['php_php-src']
Status: Fixed in Third Party Library,1,['php_php-src']
Status: Invalid,1,['php_php-src']
Status: Needs Feedback,1,['php_php-src']
Status: Needs Tests,1,['php_php-src']
Status: Needs Triage,1,['php_php-src']
Status: Requires RFC,1,['php_php-src']
Status: Spam,1,['php_php-src']
Status: Verified,1,['php_php-src']
Status: Waiting for Third Party Library Fix,1,['php_php-src']
Status: Won't Fix,1,['php_php-src']
Waiting on Author,1,['php_php-src']
Waiting on Review,1,['php_php-src']
Waiting on RM,1,['php_php-src']
action: cleanup,1,['angular_angular']
action: discuss,1,['angular_angular']
action: global presubmit,1,['angular_angular']
action: merge,1,['angular_angular']
action: presubmit,1,['angular_angular']
action: review,1,['angular_angular']
adev: preview,1,['angular_angular']
design complexity: low-hanging,1,['angular_angular']
design complexity: major,1,['angular_angular']
effort1: hours,1,['angular_angular']
effort2: days,1,['angular_angular']
effort3: weeks,1,['angular_angular']
feature: in backlog,1,['angular_angular']
feature: insufficient votes,1,['angular_angular']
feature: under consideration,1,['angular_angular']
feature: votes required,1,['angular_angular']
freq1: low,1,['angular_angular']
freq2: medium,1,['angular_angular']
freq3: high,1,['angular_angular']
freq4: critical,1,['angular_angular']
needs: clarification,1,['angular_angular']
needs: discussion,1,['angular_angular']
needs: verification,1,['angular_angular']
P0,1,['angular_angular']
P1,1,['angular_angular']
P2,1,['angular_angular']
P3,1,['angular_angular']
P4,1,['angular_angular']
P5,1,['angular_angular']
PullApprove: disable,1,['angular_angular']
requires: TGP,1,['angular_angular']
risk: high,1,['angular_angular']
risk: low,1,['angular_angular']
risk: medium,1,['angular_angular']
risky,1,['angular_angular']
state: blocked,1,['angular_angular']
state: blocked on G3 cleanup,1,['angular_angular']
state: blocked on upstream,1,['angular_angular']
state: community,1,['angular_angular']
state: confirmed,1,['angular_angular']
state: has PR,1,['angular_angular']
state: in investigation,1,['angular_angular']
state: Needs Design,1,['angular_angular']
state: needs devrel input,1,['angular_angular']
state: needs doc team review,1,['angular_angular']
state: needs eng input,1,['angular_angular']
state: needs eng review,1,['angular_angular']
state: needs more investigation,1,['angular_angular']
state: WIP,1,['angular_angular']
workaround1: obvious,1,['angular_angular']
workaround2: non-obvious,1,['angular_angular']
workaround3: complex,1,['angular_angular']
workaround4: none,1,['angular_angular']
do not close,1,['FuelLabs_sway']
may be rewarded,1,['FuelLabs_sway']
P: medium,1,['FuelLabs_sway']
waiting on rust feature,1,['FuelLabs_sway']
CherryPickApproved,1,['golang_go']
CherryPickCandidate,1,['golang_go']
cla: no,1,['golang_go']
cla: yes,1,['golang_go']
Critical,1,['golang_go']
dotdotdot,1,['golang_go']
early-in-cycle,1,['golang_go']
FixPending,1,['golang_go']
FrozenDueToAge,1,['golang_go']
NeedsDecision,1,['golang_go']
NeedsFix,1,['golang_go']
okay-after-beta1,1,['golang_go']
okay-after-rc1,1,['golang_go']
Proposal-Accepted,1,['golang_go']
Proposal-FinalCommentPeriod,1,['golang_go']
Proposal-Hold,1,['golang_go']
release-blocker,1,['golang_go']
Soon,1,['golang_go']
Telemetry-Accepted,1,['golang_go']
Telemetry-Declined,1,['golang_go']
Unfortunate,1,['golang_go']
WaitingForInfo,1,['golang_go']
WorkingAsIntended,1,['golang_go']
contributor friendly,1,['ziglang_zig']
debug-info,1,['ziglang_zig']
work in progress,1,['ziglang_zig']
A-edition-2015,1,['rust-lang_rust']
A-edition-2018,1,['rust-lang_rust']
A-edition-2021,1,['rust-lang_rust']
A-edition-2024,1,['rust-lang_rust']
A-edition-2027,1,['rust-lang_rust']
april-1st,1,['rust-lang_rust']
AsyncAwait-Polish,1,['rust-lang_rust']
AsyncAwait-Triaged,1,['rust-lang_rust']
B-MCP-approved,1,['rust-lang_rust']
B-RFC-approved,1,['rust-lang_rust']
B-RFC-implemented,1,['rust-lang_rust']
B-unstable,1,['rust-lang_rust']
beta-accepted,1,['rust-lang_rust']
beta-nominated,1,['rust-lang_rust']
C-feature-accepted,1,['rust-lang_rust']
call-for-testing,1,['rust-lang_rust']
D-invalid-suggestion,1,['rust-lang_rust']
D-lack-of-suggestion,1,['rust-lang_rust']
D-newcomer-roadblock,1,['rust-lang_rust']
E-easy,1,['rust-lang_rust']
E-hard,1,['rust-lang_rust']
E-help-wanted,1,['rust-lang_rust']
E-medium,1,['rust-lang_rust']
E-mentor,1,['rust-lang_rust']
E-needs-bisection,1,['rust-lang_rust']
E-needs-design,1,['rust-lang_rust']
E-needs-investigation,1,['rust-lang_rust']
E-needs-mcve,1,['rust-lang_rust']
E-needs-test,1,['rust-lang_rust']
E-tedious,1,['rust-lang_rust']
has-merge-commits,1,['rust-lang_rust']
I-edition-nominated,1,['rust-lang_rust']
I-edition-triaged,1,['rust-lang_rust']
I-needs-decision,1,['rust-lang_rust']
I-prioritize,1,['rust-lang_rust']
I-release-nominated,1,['rust-lang_rust']
llvm-fixed-upstream,1,['rust-lang_rust']
merged-by-bors,1,['rust-lang_rust']
needs-acp,1,['rust-lang_rust']
needs-crater,1,['rust-lang_rust']
needs-fcp,1,['rust-lang_rust']
needs-mcp,1,['rust-lang_rust']
needs-rfc,1,['rust-lang_rust']
needs-triage,1,['rust-lang_rust']
NLL-complete,1,['rust-lang_rust']
P-critical,1,['rust-lang_rust']
P-high,1,['rust-lang_rust']
P-lang-drag-0,1,['rust-lang_rust']
P-lang-drag-1,1,['rust-lang_rust']
P-lang-drag-2,1,['rust-lang_rust']
P-lang-drag-3,1,['rust-lang_rust']
P-lang-drag-4,1,['rust-lang_rust']
P-low,1,['rust-lang_rust']
P-medium,1,['rust-lang_rust']
perf-regression-triaged,1,['rust-lang_rust']
regression-untriaged,1,['rust-lang_rust']
S-blocked,1,['rust-lang_rust']
S-bug-has-test,1,['rust-lang_rust']
S-experimental,1,['rust-lang_rust']
S-has-bisection,1,['rust-lang_rust']
S-has-mcve,1,['rust-lang_rust']
S-inactive,1,['rust-lang_rust']
S-needs-info,1,['rust-lang_rust']
S-needs-repro,1,['rust-lang_rust']
S-no-work-capacity-tracking,1,['rust-lang_rust']
S-tracking-at-risk,1,['rust-lang_rust']
S-tracking-blocked,1,['rust-lang_rust']
S-tracking-design-concerns,1,['rust-lang_rust']
S-tracking-forever,1,['rust-lang_rust']
S-tracking-impl-incomplete,1,['rust-lang_rust']
S-tracking-needs-deep-research,1,['rust-lang_rust']
S-tracking-needs-design-proposal,1,['rust-lang_rust']
S-tracking-needs-documentation,1,['rust-lang_rust']
S-tracking-needs-migration-lint,1,['rust-lang_rust']
S-tracking-needs-summary,1,['rust-lang_rust']
S-tracking-needs-to-bake,1,['rust-lang_rust']
S-tracking-perma-unstable,1,['rust-lang_rust']
S-tracking-ready-for-edition,1,['rust-lang_rust']
S-tracking-ready-to-stabilize,1,['rust-lang_rust']
S-tracking-remove-implementation,1,['rust-lang_rust']
S-tracking-unimplemented,1,['rust-lang_rust']
S-triggers-future-incompat-lint,1,['rust-lang_rust']
S-types-deferred,1,['rust-lang_rust']
S-types-tracked,1,['rust-lang_rust']
S-waiting-on-ACP,1,['rust-lang_rust']
S-waiting-on-author,1,['rust-lang_rust']
S-waiting-on-bikeshed,1,['rust-lang_rust']
S-waiting-on-bors,1,['rust-lang_rust']
S-waiting-on-concerns,1,['rust-lang_rust']
S-waiting-on-crater,1,['rust-lang_rust']
S-waiting-on-documentation,1,['rust-lang_rust']
S-waiting-on-fcp,1,['rust-lang_rust']
S-waiting-on-LLVM,1,['rust-lang_rust']
S-waiting-on-MCP,1,['rust-lang_rust']
S-waiting-on-perf,1,['rust-lang_rust']
S-waiting-on-review,1,['rust-lang_rust']
S-waiting-on-t-bootstrap,1,['rust-lang_rust']
S-waiting-on-t-clippy,1,['rust-lang_rust']
S-waiting-on-t-compiler,1,['rust-lang_rust']
S-waiting-on-t-fls,1,['rust-lang_rust']
S-waiting-on-t-lang,1,['rust-lang_rust']
S-waiting-on-t-libs,1,['rust-lang_rust']
S-waiting-on-t-libs-api,1,['rust-lang_rust']
S-waiting-on-t-opsem,1,['rust-lang_rust']
S-waiting-on-t-rustdoc,1,['rust-lang_rust']
S-waiting-on-t-rustdoc-frontend,1,['rust-lang_rust']
S-waiting-on-t-types,1,['rust-lang_rust']
S-waiting-on-team,1,['rust-lang_rust']
stable-accepted,1,['rust-lang_rust']
stable-nominated,1,['rust-lang_rust']
status: backported,1,['spring-projects_spring-framework']
status: bulk-closed,1,['spring-projects_spring-framework']
needs a test,1,['vim_vim']
needs feedback,1,['vim_vim']
needs more work,1,['vim_vim']
needs-minor-patch,1,['vim_vim']
Priority-Medium,1,['vim_vim']
un-reproducible,1,['vim_vim']
xxd,1,['vim_vim']
for: merge-with-amendments,1,['spring-projects_spring-boot']
for: planning,1,['spring-projects_spring-boot']
for: team-attention,1,['spring-projects_spring-boot']
for: team-meeting,1,['spring-projects_spring-boot']
status: back-port,1,['spring-projects_spring-boot']
status: first-timers-only,1,['spring-projects_spring-boot']
status: forward-port,1,['spring-projects_spring-boot']
status: noteworthy,1,['spring-projects_spring-boot']
status: reserved-for-conference-event,1,['spring-projects_spring-boot']
status: team-only,1,['spring-projects_spring-boot']
type: blocker,1,['spring-projects_spring-boot']
0.76,1,['facebook_react-native']
Accessibility Team - Evaluated,1,['facebook_react-native']
Good first issue,1,['facebook_react-native']
Help Wanted :octocat:,1,['facebook_react-native']
Issue: Author Provided Repro,1,['facebook_react-native']
Missing Changelog,1,['facebook_react-native']
Missing Test Plan,1,['facebook_react-native']
Needs: Attention,1,['facebook_react-native']
Needs: Author Feedback,1,['facebook_react-native']
Needs: Docs Website PR,1,['facebook_react-native']
Needs: Environment Info,1,['facebook_react-native']
Needs: Imported Diff Review,1,['facebook_react-native']
Needs: Imported Diff Waiting on Meta,1,['facebook_react-native']
Needs: Issue Manager Attention,1,['facebook_react-native']
Needs: Issue Template,1,['facebook_react-native']
Needs: React Native Team Attention,1,['facebook_react-native']
Needs: Rebase,1,['facebook_react-native']
Needs: Repro,1,['facebook_react-native']
Needs: Task,1,['facebook_react-native']
Needs: Triage :mag:,1,['facebook_react-native']
Needs: Version Info,1,['facebook_react-native']
Newer Patch Available,1,['facebook_react-native']
Priority: High,1,['facebook_react-native']
Priority: Low,1,['facebook_react-native']
Priority: Mid,1,['facebook_react-native']
Ran Commands,1,['facebook_react-native']
React Native Engineering - Evaluated,1,['facebook_react-native']
release-blocking,1,['facebook_react-native']
Resolution: Answered,1,['facebook_react-native']
Resolution: Backlog,1,['facebook_react-native']
Resolution: Cannot Reproduce,1,['facebook_react-native']
Resolution: Duplicate,1,['facebook_react-native']
Resolution: Fixed,1,['facebook_react-native']
Resolution: For Stack Overflow,1,['facebook_react-native']
Resolution: Issue in another tool or repo,1,['facebook_react-native']
Resolution: Locked,1,['facebook_react-native']
Resolution: PR Submitted,1,['facebook_react-native']
Shared with Meta,1,['facebook_react-native']
Type: Invalid,1,['facebook_react-native']
Type: Too Old Version,1,['facebook_react-native']
Type: Unsupported Version,1,['facebook_react-native']
Version: unspecified,1,['facebook_react-native']
📮Known Issues,1,['facebook_react-native']
v3,1,['tailwindlabs_tailwindcss']
v4,1,['tailwindlabs_tailwindcss']
affects-4.0,1,['pingcap_tidb']
affects-5.0,1,['pingcap_tidb']
affects-5.1,1,['pingcap_tidb']
affects-5.2,1,['pingcap_tidb']
affects-5.3,1,['pingcap_tidb']
affects-5.4,1,['pingcap_tidb']
affects-6.0,1,['pingcap_tidb']
affects-6.1,1,['pingcap_tidb']
affects-6.2,1,['pingcap_tidb']
affects-6.3,1,['pingcap_tidb']
affects-6.4,1,['pingcap_tidb']
affects-6.5,1,['pingcap_tidb']
affects-6.6,1,['pingcap_tidb']
affects-7.0,1,['pingcap_tidb']
affects-7.1,1,['pingcap_tidb']
affects-7.2,1,['pingcap_tidb']
affects-7.3,1,['pingcap_tidb']
affects-7.4,1,['pingcap_tidb']
affects-7.5,1,['pingcap_tidb']
affects-7.6,1,['pingcap_tidb']
affects-8.0,1,['pingcap_tidb']
affects-8.1,1,['pingcap_tidb']
affects-8.2,1,['pingcap_tidb']
affects-8.3,1,['pingcap_tidb']
affects-8.4,1,['pingcap_tidb']
affects-8.5,1,['pingcap_tidb']
affects-9.0,1,['pingcap_tidb']
approved,1,['pingcap_tidb']
cherry-pick-approve,1,['pingcap_tidb']
cherry-pick-approved,1,['pingcap_tidb']
dco-signoff: no,1,['pingcap_tidb']
dco-signoff: yes,1,['pingcap_tidb']
difficulty/easy,1,['pingcap_tidb']
difficulty/hard,1,['pingcap_tidb']
difficulty/medium,1,['pingcap_tidb']
do-not-merge/blocked-paths,1,['pingcap_tidb']
do-not-merge/cherry-pick-not-approved,1,['pingcap_tidb']
do-not-merge/hold,1,['pingcap_tidb']
do-not-merge/invalid-owners-file,1,['pingcap_tidb']
do-not-merge/invalid-title,1,['pingcap_tidb']
do-not-merge/needs-linked-issue,1,['pingcap_tidb']
do-not-merge/needs-tests-checked,1,['pingcap_tidb']
do-not-merge/needs-triage-completed,1,['pingcap_tidb']
do-not-merge/release-note-label-needed,1,['pingcap_tidb']
do-not-merge/work-in-progress,1,['pingcap_tidb']
feature/accepted,1,['pingcap_tidb']
feature/developing,1,['pingcap_tidb']
feature/discussing,1,['pingcap_tidb']
feature/rejected,1,['pingcap_tidb']
feature/reviewing,1,['pingcap_tidb']
first-time-contributor,1,['pingcap_tidb']
fixes-5.1.2,1,['pingcap_tidb']
fixes-5.1.3,1,['pingcap_tidb']
fixes-5.1.4,1,['pingcap_tidb']
fixes-5.2.0,1,['pingcap_tidb']
fixes-5.3.0,1,['pingcap_tidb']
fixes-5.4.0,1,['pingcap_tidb']
fixes-5.4.1,1,['pingcap_tidb']
fixes-6.0.0,1,['pingcap_tidb']
fixes-6.1.0,1,['pingcap_tidb']
fixes-6.4.0,1,['pingcap_tidb']
fixes-6.5.2,1,['pingcap_tidb']
fixes-6.5.5,1,['pingcap_tidb']
fixes-6.5.6,1,['pingcap_tidb']
fixes-6.6.0,1,['pingcap_tidb']
fixes-7.1.1,1,['pingcap_tidb']
fixes-7.1.3,1,['pingcap_tidb']
fixes-7.5.0,1,['pingcap_tidb']
fixes-7.5.1,1,['pingcap_tidb']
fixes-8.0,1,['pingcap_tidb']
label-for-test,1,['pingcap_tidb']
may-affect-6.5,1,['pingcap_tidb']
may-affects-4.0,1,['pingcap_tidb']
may-affects-5.0,1,['pingcap_tidb']
may-affects-5.1,1,['pingcap_tidb']
may-affects-5.2,1,['pingcap_tidb']
may-affects-5.3,1,['pingcap_tidb']
may-affects-5.4,1,['pingcap_tidb']
may-affects-6.0,1,['pingcap_tidb']
may-affects-6.1,1,['pingcap_tidb']
may-affects-6.2,1,['pingcap_tidb']
may-affects-6.3,1,['pingcap_tidb']
may-affects-6.4,1,['pingcap_tidb']
may-affects-6.5,1,['pingcap_tidb']
may-affects-6.6,1,['pingcap_tidb']
may-affects-7.1,1,['pingcap_tidb']
may-affects-7.5,1,['pingcap_tidb']
may-affects-8.1,1,['pingcap_tidb']
may-affects-8.5,1,['pingcap_tidb']
need-br-build,1,['pingcap_tidb']
need-br-compatibility-test,1,['pingcap_tidb']
needs-1-more-lgtm,1,['pingcap_tidb']
needs-cherry-pick-release-4.0,1,['pingcap_tidb']
needs-cherry-pick-release-5.0,1,['pingcap_tidb']
needs-cherry-pick-release-5.1,1,['pingcap_tidb']
needs-cherry-pick-release-5.2,1,['pingcap_tidb']
needs-cherry-pick-release-5.3,1,['pingcap_tidb']
needs-cherry-pick-release-5.4,1,['pingcap_tidb']
needs-cherry-pick-release-6.0,1,['pingcap_tidb']
needs-cherry-pick-release-6.1,1,['pingcap_tidb']
needs-cherry-pick-release-6.2,1,['pingcap_tidb']
needs-cherry-pick-release-6.3,1,['pingcap_tidb']
needs-cherry-pick-release-6.4,1,['pingcap_tidb']
needs-cherry-pick-release-6.5,1,['pingcap_tidb']
needs-cherry-pick-release-6.6,1,['pingcap_tidb']
needs-cherry-pick-release-7.0,1,['pingcap_tidb']
needs-cherry-pick-release-7.1,1,['pingcap_tidb']
needs-cherry-pick-release-7.2,1,['pingcap_tidb']
needs-cherry-pick-release-7.3,1,['pingcap_tidb']
needs-cherry-pick-release-7.4,1,['pingcap_tidb']
needs-cherry-pick-release-7.5,1,['pingcap_tidb']
needs-cherry-pick-release-7.6,1,['pingcap_tidb']
needs-cherry-pick-release-8.0,1,['pingcap_tidb']
needs-cherry-pick-release-8.1,1,['pingcap_tidb']
needs-cherry-pick-release-8.2,1,['pingcap_tidb']
needs-cherry-pick-release-8.3,1,['pingcap_tidb']
needs-cherry-pick-release-8.4,1,['pingcap_tidb']
needs-cherry-pick-release-8.5,1,['pingcap_tidb']
needs-cherry-pick-release-9.0-beta.1,1,['pingcap_tidb']
needs-cherry-pick-release-9.0-beta.2,1,['pingcap_tidb']
needs-ok-to-test,1,['pingcap_tidb']
needs-rebase,1,['pingcap_tidb']
ok-to-test,1,['pingcap_tidb']
priority/P0,1,['pingcap_tidb']
priority/P1,1,['pingcap_tidb']
priority/P2,1,['pingcap_tidb']
priority/P3,1,['pingcap_tidb']
priority/P4,1,['pingcap_tidb']
priority/release-blocker,1,['pingcap_tidb']
release-note,1,['pingcap_tidb']
release-note-none,1,['pingcap_tidb']
require-LGT1,1,['pingcap_tidb']
require-LGT2,1,['pingcap_tidb']
require-LGT3,1,['pingcap_tidb']
severity/critical,1,['pingcap_tidb']
severity/major,1,['pingcap_tidb']
severity/minor,1,['pingcap_tidb']
severity/moderate,1,['pingcap_tidb']
skip-issue-check,1,['pingcap_tidb']
status/can-merge,1,['pingcap_tidb']
status/LGT1,1,['pingcap_tidb']
status/LGT2,1,['pingcap_tidb']
status/LGT3,1,['pingcap_tidb']
status/LGT4,1,['pingcap_tidb']
status/LGT5,1,['pingcap_tidb']
type/2.1-cherry-pick,1,['pingcap_tidb']
type/3.0-cherry-pick,1,['pingcap_tidb']
type/3.1-cherry-pick,1,['pingcap_tidb']
type/4.0-cherry-pick,1,['pingcap_tidb']
type/5.0-cherry-pick,1,['pingcap_tidb']
type/5.1-cherry-pick,1,['pingcap_tidb']
type/5.2-cherry-pick,1,['pingcap_tidb']
type/5.3-cherry-pick,1,['pingcap_tidb']
type/5.4-cherry-pick,1,['pingcap_tidb']
type/6.0-cherry-pick,1,['pingcap_tidb']
type/6.1-cherry-pick,1,['pingcap_tidb']
type/6.2-cherry-pick,1,['pingcap_tidb']
type/6.3-cherry-pick,1,['pingcap_tidb']
type/6.6-cherry-pick,1,['pingcap_tidb']
type/cherry-pick-for-6.5,1,['pingcap_tidb']
type/cherry-pick-for-master,1,['pingcap_tidb']
type/cherry-pick-for-release-4.0,1,['pingcap_tidb']
type/cherry-pick-for-release-5.0,1,['pingcap_tidb']
type/cherry-pick-for-release-5.1,1,['pingcap_tidb']
type/cherry-pick-for-release-5.2,1,['pingcap_tidb']
type/cherry-pick-for-release-5.3,1,['pingcap_tidb']
type/cherry-pick-for-release-5.4,1,['pingcap_tidb']
type/cherry-pick-for-release-6.1,1,['pingcap_tidb']
type/cherry-pick-for-release-6.1-20220824,1,['pingcap_tidb']
type/cherry-pick-for-release-6.1-20230515-v6.1.6,1,['pingcap_tidb']
type/cherry-pick-for-release-6.4,1,['pingcap_tidb']
type/cherry-pick-for-release-6.5,1,['pingcap_tidb']
type/cherry-pick-for-release-6.5-20230122-v6.5.0,1,['pingcap_tidb']
type/cherry-pick-for-release-6.5-20230314-v6.5.1,1,['pingcap_tidb']
type/cherry-pick-for-release-6.5-20230329-v6.5.1,1,['pingcap_tidb']
type/cherry-pick-for-release-6.5-20230424-v6.5.2,1,['pingcap_tidb']
type/cherry-pick-for-release-6.5-20230425-v6.5.2,1,['pingcap_tidb']
type/cherry-pick-for-release-6.5-20230608-v6.5.2,1,['pingcap_tidb']
type/cherry-pick-for-release-6.5-20230625-v6.5.3,1,['pingcap_tidb']
type/cherry-pick-for-release-6.5-20230710-v6.5.2,1,['pingcap_tidb']
type/cherry-pick-for-release-6.5-20230718-v6.5.2,1,['pingcap_tidb']
type/cherry-pick-for-release-6.5-20231019-v6.5.1,1,['pingcap_tidb']
type/cherry-pick-for-release-6.5-20231229-v6.5.6,1,['pingcap_tidb']
type/cherry-pick-for-release-6.5-20241009-v6.5.10,1,['pingcap_tidb']
type/cherry-pick-for-release-6.5-20241112-v6.5.11,1,['pingcap_tidb']
type/cherry-pick-for-release-6.5-20241213-v6.5.11,1,['pingcap_tidb']
type/cherry-pick-for-release-6.5-20250805-v6.5.12,1,['pingcap_tidb']
type/cherry-pick-for-release-6.5-20250918-v6.5.10,1,['pingcap_tidb']
type/cherry-pick-for-release-6.6-20230614-v6.6.0,1,['pingcap_tidb']
type/cherry-pick-for-release-7.0,1,['pingcap_tidb']
type/cherry-pick-for-release-7.1,1,['pingcap_tidb']
type/cherry-pick-for-release-7.1-20230706-v7.1.0,1,['pingcap_tidb']
type/cherry-pick-for-release-7.1-20230808-v7.1.0,1,['pingcap_tidb']
type/cherry-pick-for-release-7.1-20230818-v7.1.1,1,['pingcap_tidb']
type/cherry-pick-for-release-7.1-20240320-v7.1.3,1,['pingcap_tidb']
type/cherry-pick-for-release-7.1-20250327-v7.1.6,1,['pingcap_tidb']
type/cherry-pick-for-release-7.2,1,['pingcap_tidb']
type/cherry-pick-for-release-7.3,1,['pingcap_tidb']
type/cherry-pick-for-release-7.4,1,['pingcap_tidb']
type/cherry-pick-for-release-7.5,1,['pingcap_tidb']
type/cherry-pick-for-release-7.5-20240311-v7.5.1,1,['pingcap_tidb']
type/cherry-pick-for-release-7.5-20250306-v7.5.5-1,1,['pingcap_tidb']
type/cherry-pick-for-release-7.5-20250423-v7.5.6,1,['pingcap_tidb']
type/cherry-pick-for-release-7.5-20250530-v7.5.6,1,['pingcap_tidb']
type/cherry-pick-for-release-7.5-20250612-v7.5.6,1,['pingcap_tidb']
type/cherry-pick-for-release-7.5-20251014-v7.5.3,1,['pingcap_tidb']
type/cherry-pick-for-release-7.5-20251201-v7.5.6,1,['pingcap_tidb']
type/cherry-pick-for-release-7.6,1,['pingcap_tidb']
type/cherry-pick-for-release-8.0,1,['pingcap_tidb']
type/cherry-pick-for-release-8.1,1,['pingcap_tidb']
type/cherry-pick-for-release-8.1-20241024-v8.1.1,1,['pingcap_tidb']
type/cherry-pick-for-release-8.1-20241203-v8.1.1,1,['pingcap_tidb']
type/cherry-pick-for-release-8.1-20250226-v8.1.2,1,['pingcap_tidb']
type/cherry-pick-for-release-8.1-20250930-v8.1.2,1,['pingcap_tidb']
type/cherry-pick-for-release-8.2,1,['pingcap_tidb']
type/cherry-pick-for-release-8.3,1,['pingcap_tidb']
type/cherry-pick-for-release-8.3-20240927-v8.3.0,1,['pingcap_tidb']
type/cherry-pick-for-release-8.4,1,['pingcap_tidb']
type/cherry-pick-for-release-8.5,1,['pingcap_tidb']
type/cherry-pick-for-release-8.5-20250114-v8.5.0,1,['pingcap_tidb']
type/cherry-pick-for-release-8.5-20250310-v8.5.1-1,1,['pingcap_tidb']
type/cherry-pick-for-release-8.5-20250703-v8.5.2,1,['pingcap_tidb']
type/cherry-pick-for-release-8.5-20250902-v8.5.2,1,['pingcap_tidb']
type/cherry-pick-for-release-8.5-20250917-v8.5.3,1,['pingcap_tidb']
type/cherry-pick-for-release-8.5-20250925-v8.5.3,1,['pingcap_tidb']
type/cherry-pick-for-release-8.5-20251114-v8.5.4,1,['pingcap_tidb']
type/cherry-pick-for-release-8.5-20251125-v8.5.4,1,['pingcap_tidb']
type/cherry-pick-for-release-9.0-beta.1,1,['pingcap_tidb']
type/cherry-pick-for-release-9.0-beta.2,1,['pingcap_tidb']
type/cherry-pick-for-release-nextgen-20250815,1,['pingcap_tidb']
type/cherry-pick-for-release-nextgen-20251011,1,['pingcap_tidb']
type/stale,1,['pingcap_tidb']
actionable,1,['pytorch_pytorch']
advanced,1,['pytorch_pytorch']
awaiting response (this tag is deprecated),1,['pytorch_pytorch']
better-on-discuss-forum,1,['pytorch_pytorch']
broken-link,1,['pytorch_pytorch']
dynamo-triage-dec2025,1,['pytorch_pytorch']
dynamo-triage-jan2025,1,['pytorch_pytorch']
dynamo-triage-june2024,1,['pytorch_pytorch']
easy,1,['pytorch_pytorch']
executorch-needs-help,1,['pytorch_pytorch']
export-triage-review,1,['pytorch_pytorch']
export-triaged,1,['pytorch_pytorch']
ezyang's list,1,['pytorch_pytorch']
fixathon,1,['pytorch_pytorch']
hackamonth,1,['pytorch_pytorch']
in progress,1,['pytorch_pytorch']
intel priority,1,['pytorch_pytorch']
internal ramp-up task,1,['pytorch_pytorch']
large,1,['pytorch_pytorch']
medium,1,['pytorch_pytorch']
merge blocking,1,['pytorch_pytorch']
merge-this-please,1,['pytorch_pytorch']
mergebot,1,['pytorch_pytorch']
merging,1,['pytorch_pytorch']
mock_label,1,['pytorch_pytorch']
months,1,['pytorch_pytorch']
needs design,1,['pytorch_pytorch']
needs research,1,['pytorch_pytorch']
newcomer,1,['pytorch_pytorch']
no-delete-branch,1,['pytorch_pytorch']
no-runner-experiments,1,['pytorch_pytorch']
no-scrub,1,['pytorch_pytorch']
no-stale,1,['pytorch_pytorch']
onnx-needs-import,1,['pytorch_pytorch']
onnx-needs-info,1,['pytorch_pytorch']
onnx-triaged,1,['pytorch_pytorch']
OSS contribution wanted,1,['pytorch_pytorch']
patch release triage,1,['pytorch_pytorch']
postmortem,1,['pytorch_pytorch']
proposal accepted,1,['pytorch_pytorch']
pt2d-triage-nov2024,1,['pytorch_pytorch']
quantization_release_1.3,1,['pytorch_pytorch']
ready for review (this tag is deprecated),1,['pytorch_pytorch']
skipped,1,['pytorch_pytorch']
small,1,['pytorch_pytorch']
todo,1,['pytorch_pytorch']
triage review,1,['pytorch_pytorch']
weeks,1,['pytorch_pytorch']
windows-triaged,1,['pytorch_pytorch']
⛺ Reserved,1,['microsoft_terminal']
Help Wanted,1,['microsoft_terminal']
InclusionCommitted-202206,1,['microsoft_terminal']
InclusionCommitted-202207,1,['microsoft_terminal']
Mass-Chaos,1,['microsoft_terminal']
Needs-Attention,1,['microsoft_terminal']
Needs-Author-Feedback,1,['microsoft_terminal']
Needs-Bisect,1,['microsoft_terminal']
Needs-Discussion,1,['microsoft_terminal']
Needs-Repro,1,['microsoft_terminal']
Needs-Second,1,['microsoft_terminal']
Needs-Tag-Fix,1,['microsoft_terminal']
Needs-Triage,1,['microsoft_terminal']
No-Recent-Activity,1,['microsoft_terminal']
Priority-0,1,['microsoft_terminal']
Priority-1,1,['microsoft_terminal']
Priority-2,1,['microsoft_terminal']
Priority-3,1,['microsoft_terminal']
Resolution-Answered,1,['microsoft_terminal']
Resolution-By-Design,1,['microsoft_terminal']
Resolution-Duplicate,1,['microsoft_terminal']
Resolution-External,1,['microsoft_terminal']
Resolution-Fix-Available,1,['microsoft_terminal']
Resolution-Fix-Committed,1,['microsoft_terminal']
Resolution-No-Repro,1,['microsoft_terminal']
Resolution-Won't-Fix,1,['microsoft_terminal']
Severity-Blocking,1,['microsoft_terminal']
Severity-Crash,1,['microsoft_terminal']
Severity-DataLoss,1,['microsoft_terminal']
this-will-be-a-breaking-change,1,['microsoft_terminal']
author ready,1,['nodejs_node']
backport-blocked-v20.x,1,['nodejs_node']
backport-blocked-v22.x,1,['nodejs_node']
backport-blocked-v24.x,1,['nodejs_node']
backport-blocked-v25.x,1,['nodejs_node']
backport-open-v20.x,1,['nodejs_node']
backport-open-v22.x,1,['nodejs_node']
backport-open-v24.x,1,['nodejs_node']
backport-open-v25.x,1,['nodejs_node']
backport-requested-v20.x,1,['nodejs_node']
backport-requested-v22.x,1,['nodejs_node']
backport-requested-v24.x,1,['nodejs_node']
backport-requested-v25.x,1,['nodejs_node']
backported-to-v20.x,1,['nodejs_node']
backported-to-v22.x,1,['nodejs_node']
backported-to-v24.x,1,['nodejs_node']
backported-to-v25.x,1,['nodejs_node']
commit-queue-failed,1,['nodejs_node']
commit-queue-rebase,1,['nodejs_node']
commit-queue-squash,1,['nodejs_node']
confirmed-bug,1,['nodejs_node']
dont-land-on-v20.x,1,['nodejs_node']
dont-land-on-v22.x,1,['nodejs_node']
dont-land-on-v24.x,1,['nodejs_node']
dont-land-on-v25.x,1,['nodejs_node']
known limitation,1,['nodejs_node']
lts-watch-v20.x,1,['nodejs_node']
lts-watch-v22.x,1,['nodejs_node']
lts-watch-v24.x,1,['nodejs_node']
needs-benchmark-ci,1,['nodejs_node']
needs-ci,1,['nodejs_node']
needs-citgm,1,['nodejs_node']
never-stale,1,['nodejs_node']
notable-change,1,['nodejs_node']
post-mortem,1,['nodejs_node']
request-ci-failed,1,['nodejs_node']
review wanted,1,['nodejs_node']
v18.x,1,['nodejs_node']
v20.x,1,['nodejs_node']
v22.x,1,['nodejs_node']
v24.x,1,['nodejs_node']
v25.x,1,['nodejs_node']
wip,1,['nodejs_node']
wrong repo,1,['nodejs_node']
Good First Review,1,['bitcoin_bitcoin']
Insufficient Review,1,['bitcoin_bitcoin']
Needs backport (27.x),1,['bitcoin_bitcoin']
Needs backport (28.x),1,['bitcoin_bitcoin']
Needs backport (29.x),1,['bitcoin_bitcoin']
Needs backport (30.x),1,['bitcoin_bitcoin']
Needs Conceptual Review,1,['bitcoin_bitcoin']
Needs release note,1,['bitcoin_bitcoin']
Up for grabs,1,['bitcoin_bitcoin']
Waiting for author,1,['bitcoin_bitcoin']
Waiting for other,1,['bitcoin_bitcoin']
awaiting submitter,1,['sveltejs_svelte']
blocked by upstream,1,['sveltejs_svelte']
p0,1,['sveltejs_svelte']
PRs welcome,1,['sveltejs_svelte']
Freeze: Scheduled Release,1,['vercel_next.js']
please add a complete reproduction,1,['vercel_next.js']
please simplify reproduction,1,['vercel_next.js']
please use the correct issue template,1,['vercel_next.js']
please verify canary,1,['vercel_next.js']
resolved,1,['vercel_next.js']
run-react-18-tests,1,['vercel_next.js']
auto-merge-without-approval,1,['elastic_elasticsearch']
Awaiting CLA,1,['elastic_elasticsearch']
backport pending,1,['elastic_elasticsearch']
blocker,1,['elastic_elasticsearch']
branch:8.19,1,['elastic_elasticsearch']
branch:9.1,1,['elastic_elasticsearch']
branch:9.2,1,['elastic_elasticsearch']
feedback_needed,1,['elastic_elasticsearch']
high hanging fruit,1,['elastic_elasticsearch']
impact:high,1,['elastic_elasticsearch']
low-risk,1,['elastic_elasticsearch']
medium-risk,1,['elastic_elasticsearch']
needs_team,1,['elastic_elasticsearch']
needs:reproduction,1,['elastic_elasticsearch']
needs:risk,1,['elastic_elasticsearch']
needs:triage,1,['elastic_elasticsearch']
Pretty Bloody Important,1,['elastic_elasticsearch']
priority:critical,1,['elastic_elasticsearch']
priority:high,1,['elastic_elasticsearch']
priority:normal,1,['elastic_elasticsearch']
rca:needs-category,1,['elastic_elasticsearch']
team-discuss,1,['elastic_elasticsearch']
Top Ask,1,['elastic_elasticsearch']
v0.05.0,1,['elastic_elasticsearch']
v0.05.1,1,['elastic_elasticsearch']
v0.06.0,1,['elastic_elasticsearch']
v0.07.0,1,['elastic_elasticsearch']
v0.07.1,1,['elastic_elasticsearch']
v0.08.0,1,['elastic_elasticsearch']
v0.09.0,1,['elastic_elasticsearch']
v0.10.0,1,['elastic_elasticsearch']
v0.11.0,1,['elastic_elasticsearch']
v0.12.0,1,['elastic_elasticsearch']
v0.12.1,1,['elastic_elasticsearch']
v0.13.0,1,['elastic_elasticsearch']
v0.13.1,1,['elastic_elasticsearch']
v0.14.0,1,['elastic_elasticsearch']
v0.14.1,1,['elastic_elasticsearch']
v0.14.2,1,['elastic_elasticsearch']
v0.14.3,1,['elastic_elasticsearch']
v0.15.0,1,['elastic_elasticsearch']
v0.15.1,1,['elastic_elasticsearch']
v0.15.2,1,['elastic_elasticsearch']
v0.16.0,1,['elastic_elasticsearch']
v0.16.1,1,['elastic_elasticsearch']
v0.16.2,1,['elastic_elasticsearch']
v0.16.3,1,['elastic_elasticsearch']
v0.16.4,1,['elastic_elasticsearch']
v0.16.5,1,['elastic_elasticsearch']
v0.17.0,1,['elastic_elasticsearch']
v0.17.1,1,['elastic_elasticsearch']
v0.17.10,1,['elastic_elasticsearch']
v0.17.2,1,['elastic_elasticsearch']
v0.17.3,1,['elastic_elasticsearch']
v0.17.4,1,['elastic_elasticsearch']
v0.17.5,1,['elastic_elasticsearch']
v0.17.6,1,['elastic_elasticsearch']
v0.17.7,1,['elastic_elasticsearch']
v0.17.8,1,['elastic_elasticsearch']
v0.17.9,1,['elastic_elasticsearch']
v0.18.0,1,['elastic_elasticsearch']
v0.18.1,1,['elastic_elasticsearch']
v0.18.2,1,['elastic_elasticsearch']
v0.18.3,1,['elastic_elasticsearch']
v0.18.4,1,['elastic_elasticsearch']
v0.18.5,1,['elastic_elasticsearch']
v0.18.6,1,['elastic_elasticsearch']
v0.18.7,1,['elastic_elasticsearch']
v0.18.8,1,['elastic_elasticsearch']
v0.19.0,1,['elastic_elasticsearch']
v0.19.0.RC1,1,['elastic_elasticsearch']
v0.19.0.RC2,1,['elastic_elasticsearch']
v0.19.0.RC3,1,['elastic_elasticsearch']
v0.19.1,1,['elastic_elasticsearch']
v0.19.10,1,['elastic_elasticsearch']
v0.19.11,1,['elastic_elasticsearch']
v0.19.12,1,['elastic_elasticsearch']
v0.19.13,1,['elastic_elasticsearch']
v0.19.2,1,['elastic_elasticsearch']
v0.19.3,1,['elastic_elasticsearch']
v0.19.4,1,['elastic_elasticsearch']
v0.19.5,1,['elastic_elasticsearch']
v0.19.6,1,['elastic_elasticsearch']
v0.19.7,1,['elastic_elasticsearch']
v0.19.8,1,['elastic_elasticsearch']
v0.19.9,1,['elastic_elasticsearch']
v0.20.0,1,['elastic_elasticsearch']
v0.20.0.RC1,1,['elastic_elasticsearch']
v0.20.1,1,['elastic_elasticsearch']
v0.20.2,1,['elastic_elasticsearch']
v0.20.3,1,['elastic_elasticsearch']
v0.20.4,1,['elastic_elasticsearch']
v0.20.5,1,['elastic_elasticsearch']
v0.20.6,1,['elastic_elasticsearch']
v0.20.7,1,['elastic_elasticsearch']
v0.90.0,1,['elastic_elasticsearch']
v0.90.0.Beta1,1,['elastic_elasticsearch']
v0.90.0.RC1,1,['elastic_elasticsearch']
v0.90.0.RC2,1,['elastic_elasticsearch']
v0.90.1,1,['elastic_elasticsearch']
v0.90.10,1,['elastic_elasticsearch']
v0.90.11,1,['elastic_elasticsearch']
v0.90.12,1,['elastic_elasticsearch']
v0.90.13,1,['elastic_elasticsearch']
v0.90.14,1,['elastic_elasticsearch']
v0.90.2,1,['elastic_elasticsearch']
v0.90.3,1,['elastic_elasticsearch']
v0.90.4,1,['elastic_elasticsearch']
v0.90.5,1,['elastic_elasticsearch']
v0.90.6,1,['elastic_elasticsearch']
v0.90.7,1,['elastic_elasticsearch']
v0.90.8,1,['elastic_elasticsearch']
v0.90.9,1,['elastic_elasticsearch']
v1.0.0,1,['elastic_elasticsearch']
v1.0.0.Beta1,1,['elastic_elasticsearch']
v1.0.0.Beta2,1,['elastic_elasticsearch']
v1.0.0.RC1,1,['elastic_elasticsearch']
v1.0.0.RC2,1,['elastic_elasticsearch']
v1.0.1,1,['elastic_elasticsearch']
v1.0.2,1,['elastic_elasticsearch']
v1.0.3,1,['elastic_elasticsearch']
v1.0.4,1,['elastic_elasticsearch']
v1.1.0,1,['elastic_elasticsearch']
v1.1.1,1,['elastic_elasticsearch']
v1.1.2,1,['elastic_elasticsearch']
v1.1.3,1,['elastic_elasticsearch']
v1.2.0,1,['elastic_elasticsearch']
v1.2.1,1,['elastic_elasticsearch']
v1.2.2,1,['elastic_elasticsearch']
v1.2.3,1,['elastic_elasticsearch']
v1.2.4,1,['elastic_elasticsearch']
v1.2.5,1,['elastic_elasticsearch']
v1.3.0,1,['elastic_elasticsearch']
v1.3.1,1,['elastic_elasticsearch']
v1.3.10,1,['elastic_elasticsearch']
v1.3.2,1,['elastic_elasticsearch']
v1.3.3,1,['elastic_elasticsearch']
v1.3.4,1,['elastic_elasticsearch']
v1.3.5,1,['elastic_elasticsearch']
v1.3.6,1,['elastic_elasticsearch']
v1.3.7,1,['elastic_elasticsearch']
v1.3.8,1,['elastic_elasticsearch']
v1.3.9,1,['elastic_elasticsearch']
v1.4.0,1,['elastic_elasticsearch']
v1.4.0.Beta1,1,['elastic_elasticsearch']
v1.4.1,1,['elastic_elasticsearch']
v1.4.2,1,['elastic_elasticsearch']
v1.4.3,1,['elastic_elasticsearch']
v1.4.4,1,['elastic_elasticsearch']
v1.4.5,1,['elastic_elasticsearch']
v1.5.0,1,['elastic_elasticsearch']
v1.5.1,1,['elastic_elasticsearch']
v1.5.2,1,['elastic_elasticsearch']
v1.5.3,1,['elastic_elasticsearch']
v1.6.0,1,['elastic_elasticsearch']
v1.6.1,1,['elastic_elasticsearch']
v1.6.2,1,['elastic_elasticsearch']
v1.6.3,1,['elastic_elasticsearch']
v1.7.0,1,['elastic_elasticsearch']
v1.7.1,1,['elastic_elasticsearch']
v1.7.2,1,['elastic_elasticsearch']
v1.7.3,1,['elastic_elasticsearch']
v1.7.4,1,['elastic_elasticsearch']
v1.7.5,1,['elastic_elasticsearch']
v1.7.6,1,['elastic_elasticsearch']
v2.0.0,1,['elastic_elasticsearch']
v2.0.0-beta1,1,['elastic_elasticsearch']
v2.0.0-beta2,1,['elastic_elasticsearch']
v2.0.0-rc1,1,['elastic_elasticsearch']
v2.0.1,1,['elastic_elasticsearch']
v2.0.2,1,['elastic_elasticsearch']
v2.0.3,1,['elastic_elasticsearch']
v2.1.0,1,['elastic_elasticsearch']
v2.1.1,1,['elastic_elasticsearch']
v2.1.2,1,['elastic_elasticsearch']
v2.1.3,1,['elastic_elasticsearch']
v2.2.0,1,['elastic_elasticsearch']
v2.2.1,1,['elastic_elasticsearch']
v2.2.2,1,['elastic_elasticsearch']
v2.3.0,1,['elastic_elasticsearch']
v2.3.1,1,['elastic_elasticsearch']
v2.3.2,1,['elastic_elasticsearch']
v2.3.3,1,['elastic_elasticsearch']
v2.3.4,1,['elastic_elasticsearch']
v2.3.5,1,['elastic_elasticsearch']
v2.3.6,1,['elastic_elasticsearch']
v2.4.0,1,['elastic_elasticsearch']
v2.4.1,1,['elastic_elasticsearch']
v2.4.2,1,['elastic_elasticsearch']
v2.4.3,1,['elastic_elasticsearch']
v2.4.4,1,['elastic_elasticsearch']
v2.4.5,1,['elastic_elasticsearch']
v2.4.6,1,['elastic_elasticsearch']
v2.4.7,1,['elastic_elasticsearch']
v5.0.0,1,['elastic_elasticsearch']
v5.0.0-alpha1,1,['elastic_elasticsearch']
v5.0.0-alpha2,1,['elastic_elasticsearch']
v5.0.0-alpha3,1,['elastic_elasticsearch']
v5.0.0-alpha4,1,['elastic_elasticsearch']
v5.0.0-alpha5,1,['elastic_elasticsearch']
v5.0.0-beta1,1,['elastic_elasticsearch']
v5.0.0-rc1,1,['elastic_elasticsearch']
v5.0.1,1,['elastic_elasticsearch']
v5.0.2,1,['elastic_elasticsearch']
v5.0.3,1,['elastic_elasticsearch']
v5.1.1,1,['elastic_elasticsearch']
v5.1.2,1,['elastic_elasticsearch']
v5.1.3,1,['elastic_elasticsearch']
v5.2.0,1,['elastic_elasticsearch']
v5.2.1,1,['elastic_elasticsearch']
v5.2.2,1,['elastic_elasticsearch']
v5.2.3,1,['elastic_elasticsearch']
v5.3.0,1,['elastic_elasticsearch']
v5.3.1,1,['elastic_elasticsearch']
v5.3.2,1,['elastic_elasticsearch']
v5.3.3,1,['elastic_elasticsearch']
v5.4.0,1,['elastic_elasticsearch']
v5.4.1,1,['elastic_elasticsearch']
v5.4.2,1,['elastic_elasticsearch']
v5.4.3,1,['elastic_elasticsearch']
v5.4.4,1,['elastic_elasticsearch']
v5.5.0,1,['elastic_elasticsearch']
v5.5.1,1,['elastic_elasticsearch']
v5.5.2,1,['elastic_elasticsearch']
v5.5.3,1,['elastic_elasticsearch']
v5.5.4,1,['elastic_elasticsearch']
v5.6.0,1,['elastic_elasticsearch']
v5.6.1,1,['elastic_elasticsearch']
v5.6.10,1,['elastic_elasticsearch']
v5.6.11,1,['elastic_elasticsearch']
v5.6.12,1,['elastic_elasticsearch']
v5.6.13,1,['elastic_elasticsearch']
v5.6.14,1,['elastic_elasticsearch']
v5.6.15,1,['elastic_elasticsearch']
v5.6.16,1,['elastic_elasticsearch']
v5.6.17,1,['elastic_elasticsearch']
v5.6.2,1,['elastic_elasticsearch']
v5.6.3,1,['elastic_elasticsearch']
v5.6.4,1,['elastic_elasticsearch']
v5.6.5,1,['elastic_elasticsearch']
v5.6.6,1,['elastic_elasticsearch']
v5.6.7,1,['elastic_elasticsearch']
v5.6.8,1,['elastic_elasticsearch']
v5.6.9,1,['elastic_elasticsearch']
v6.0.0,1,['elastic_elasticsearch']
v6.0.0-alpha1,1,['elastic_elasticsearch']
v6.0.0-alpha2,1,['elastic_elasticsearch']
v6.0.0-beta1,1,['elastic_elasticsearch']
v6.0.0-beta2,1,['elastic_elasticsearch']
v6.0.0-rc1,1,['elastic_elasticsearch']
v6.0.0-rc2,1,['elastic_elasticsearch']
v6.0.1,1,['elastic_elasticsearch']
v6.0.2,1,['elastic_elasticsearch']
v6.0.3,1,['elastic_elasticsearch']
v6.1.0,1,['elastic_elasticsearch']
v6.1.1,1,['elastic_elasticsearch']
v6.1.2,1,['elastic_elasticsearch']
v6.1.3,1,['elastic_elasticsearch']
v6.1.4,1,['elastic_elasticsearch']
v6.1.5,1,['elastic_elasticsearch']
v6.2.0,1,['elastic_elasticsearch']
v6.2.1,1,['elastic_elasticsearch']
v6.2.2,1,['elastic_elasticsearch']
v6.2.3,1,['elastic_elasticsearch']
v6.2.4,1,['elastic_elasticsearch']
v6.2.5,1,['elastic_elasticsearch']
v6.3.0,1,['elastic_elasticsearch']
v6.3.1,1,['elastic_elasticsearch']
v6.3.2,1,['elastic_elasticsearch']
v6.3.3,1,['elastic_elasticsearch']
v6.4.0,1,['elastic_elasticsearch']
v6.4.1,1,['elastic_elasticsearch']
v6.4.2,1,['elastic_elasticsearch']
v6.4.3,1,['elastic_elasticsearch']
v6.4.4,1,['elastic_elasticsearch']
v6.5.0,1,['elastic_elasticsearch']
v6.5.1,1,['elastic_elasticsearch']
v6.5.2,1,['elastic_elasticsearch']
v6.5.3,1,['elastic_elasticsearch']
v6.5.4,1,['elastic_elasticsearch']
v6.6.0,1,['elastic_elasticsearch']
v6.6.1,1,['elastic_elasticsearch']
v6.6.2,1,['elastic_elasticsearch']
v6.6.3,1,['elastic_elasticsearch']
v6.7.0,1,['elastic_elasticsearch']
v6.7.1,1,['elastic_elasticsearch']
v6.7.2,1,['elastic_elasticsearch']
v6.7.3,1,['elastic_elasticsearch']
v6.8.0,1,['elastic_elasticsearch']
v6.8.1,1,['elastic_elasticsearch']
v6.8.10,1,['elastic_elasticsearch']
v6.8.11,1,['elastic_elasticsearch']
v6.8.12,1,['elastic_elasticsearch']
v6.8.13,1,['elastic_elasticsearch']
v6.8.14,1,['elastic_elasticsearch']
v6.8.15,1,['elastic_elasticsearch']
v6.8.16,1,['elastic_elasticsearch']
v6.8.17,1,['elastic_elasticsearch']
v6.8.18,1,['elastic_elasticsearch']
v6.8.19,1,['elastic_elasticsearch']
v6.8.2,1,['elastic_elasticsearch']
v6.8.20,1,['elastic_elasticsearch']
v6.8.21,1,['elastic_elasticsearch']
v6.8.22,1,['elastic_elasticsearch']
v6.8.23,1,['elastic_elasticsearch']
v6.8.24,1,['elastic_elasticsearch']
v6.8.3,1,['elastic_elasticsearch']
v6.8.4,1,['elastic_elasticsearch']
v6.8.5,1,['elastic_elasticsearch']
v6.8.6,1,['elastic_elasticsearch']
v6.8.7,1,['elastic_elasticsearch']
v6.8.8,1,['elastic_elasticsearch']
v6.8.9,1,['elastic_elasticsearch']
v7.0.0,1,['elastic_elasticsearch']
v7.0.0-beta1,1,['elastic_elasticsearch']
v7.0.0-rc1,1,['elastic_elasticsearch']
v7.0.0-rc2,1,['elastic_elasticsearch']
v7.0.1,1,['elastic_elasticsearch']
v7.0.2,1,['elastic_elasticsearch']
v7.1.0,1,['elastic_elasticsearch']
v7.1.1,1,['elastic_elasticsearch']
v7.1.2,1,['elastic_elasticsearch']
v7.10.0,1,['elastic_elasticsearch']
v7.10.1,1,['elastic_elasticsearch']
v7.10.2,1,['elastic_elasticsearch']
v7.10.3,1,['elastic_elasticsearch']
v7.11.0,1,['elastic_elasticsearch']
v7.11.1,1,['elastic_elasticsearch']
v7.11.2,1,['elastic_elasticsearch']
v7.11.3,1,['elastic_elasticsearch']
v7.12.0,1,['elastic_elasticsearch']
v7.12.1,1,['elastic_elasticsearch']
v7.12.2,1,['elastic_elasticsearch']
v7.13.0,1,['elastic_elasticsearch']
v7.13.1,1,['elastic_elasticsearch']
v7.13.2,1,['elastic_elasticsearch']
v7.13.3,1,['elastic_elasticsearch']
v7.13.4,1,['elastic_elasticsearch']
v7.13.5,1,['elastic_elasticsearch']
v7.14.0,1,['elastic_elasticsearch']
v7.14.1,1,['elastic_elasticsearch']
v7.14.2,1,['elastic_elasticsearch']
v7.14.3,1,['elastic_elasticsearch']
v7.15.0,1,['elastic_elasticsearch']
v7.15.1,1,['elastic_elasticsearch']
v7.15.2,1,['elastic_elasticsearch']
v7.15.3,1,['elastic_elasticsearch']
v7.16.0,1,['elastic_elasticsearch']
v7.16.1,1,['elastic_elasticsearch']
v7.16.2,1,['elastic_elasticsearch']
v7.16.3,1,['elastic_elasticsearch']
v7.16.4,1,['elastic_elasticsearch']
v7.17.0,1,['elastic_elasticsearch']
v7.17.1,1,['elastic_elasticsearch']
v7.17.10,1,['elastic_elasticsearch']
v7.17.11,1,['elastic_elasticsearch']
v7.17.12,1,['elastic_elasticsearch']
v7.17.13,1,['elastic_elasticsearch']
v7.17.14,1,['elastic_elasticsearch']
v7.17.15,1,['elastic_elasticsearch']
v7.17.16,1,['elastic_elasticsearch']
v7.17.17,1,['elastic_elasticsearch']
v7.17.18,1,['elastic_elasticsearch']
v7.17.19,1,['elastic_elasticsearch']
v7.17.2,1,['elastic_elasticsearch']
v7.17.20,1,['elastic_elasticsearch']
v7.17.21,1,['elastic_elasticsearch']
v7.17.22,1,['elastic_elasticsearch']
v7.17.23,1,['elastic_elasticsearch']
v7.17.24,1,['elastic_elasticsearch']
v7.17.25,1,['elastic_elasticsearch']
v7.17.26,1,['elastic_elasticsearch']
v7.17.27,1,['elastic_elasticsearch']
v7.17.28,1,['elastic_elasticsearch']
v7.17.29,1,['elastic_elasticsearch']
v7.17.3,1,['elastic_elasticsearch']
v7.17.30,1,['elastic_elasticsearch']
v7.17.4,1,['elastic_elasticsearch']
v7.17.5,1,['elastic_elasticsearch']
v7.17.6,1,['elastic_elasticsearch']
v7.17.7,1,['elastic_elasticsearch']
v7.17.8,1,['elastic_elasticsearch']
v7.17.9,1,['elastic_elasticsearch']
v7.2.0,1,['elastic_elasticsearch']
v7.2.1,1,['elastic_elasticsearch']
v7.2.2,1,['elastic_elasticsearch']
v7.3.0,1,['elastic_elasticsearch']
v7.3.1,1,['elastic_elasticsearch']
v7.3.2,1,['elastic_elasticsearch']
v7.3.3,1,['elastic_elasticsearch']
v7.4.0,1,['elastic_elasticsearch']
v7.4.1,1,['elastic_elasticsearch']
v7.4.2,1,['elastic_elasticsearch']
v7.4.3,1,['elastic_elasticsearch']
v7.5.0,1,['elastic_elasticsearch']
v7.5.1,1,['elastic_elasticsearch']
v7.5.2,1,['elastic_elasticsearch']
v7.5.3,1,['elastic_elasticsearch']
v7.6.0,1,['elastic_elasticsearch']
v7.6.1,1,['elastic_elasticsearch']
v7.6.2,1,['elastic_elasticsearch']
v7.6.3,1,['elastic_elasticsearch']
v7.7.0,1,['elastic_elasticsearch']
v7.7.1,1,['elastic_elasticsearch']
v7.7.2,1,['elastic_elasticsearch']
v7.8.0,1,['elastic_elasticsearch']
v7.8.1,1,['elastic_elasticsearch']
v7.8.2,1,['elastic_elasticsearch']
v7.9.0,1,['elastic_elasticsearch']
v7.9.1,1,['elastic_elasticsearch']
v7.9.2,1,['elastic_elasticsearch']
v7.9.3,1,['elastic_elasticsearch']
v7.9.4,1,['elastic_elasticsearch']
v8.0.0,1,['elastic_elasticsearch']
v8.0.0-alpha1,1,['elastic_elasticsearch']
v8.0.0-alpha2,1,['elastic_elasticsearch']
v8.0.0-beta1,1,['elastic_elasticsearch']
v8.0.0-rc1,1,['elastic_elasticsearch']
v8.0.0-rc2,1,['elastic_elasticsearch']
v8.0.1,1,['elastic_elasticsearch']
v8.0.2,1,['elastic_elasticsearch']
v8.1.0,1,['elastic_elasticsearch']
v8.1.1,1,['elastic_elasticsearch']
v8.1.2,1,['elastic_elasticsearch']
v8.1.3,1,['elastic_elasticsearch']
v8.1.4,1,['elastic_elasticsearch']
v8.10.0,1,['elastic_elasticsearch']
v8.10.1,1,['elastic_elasticsearch']
v8.10.2,1,['elastic_elasticsearch']
v8.10.3,1,['elastic_elasticsearch']
v8.10.4,1,['elastic_elasticsearch']
v8.10.5,1,['elastic_elasticsearch']
v8.11.0,1,['elastic_elasticsearch']
v8.11.1,1,['elastic_elasticsearch']
v8.11.2,1,['elastic_elasticsearch']
v8.11.3,1,['elastic_elasticsearch']
v8.11.4,1,['elastic_elasticsearch']
v8.11.5,1,['elastic_elasticsearch']
v8.12.0,1,['elastic_elasticsearch']
v8.12.1,1,['elastic_elasticsearch']
v8.12.2,1,['elastic_elasticsearch']
v8.12.3,1,['elastic_elasticsearch']
v8.13.0,1,['elastic_elasticsearch']
v8.13.1,1,['elastic_elasticsearch']
v8.13.2,1,['elastic_elasticsearch']
v8.13.3,1,['elastic_elasticsearch']
v8.13.4,1,['elastic_elasticsearch']
v8.13.5,1,['elastic_elasticsearch']
v8.14.0,1,['elastic_elasticsearch']
v8.14.1,1,['elastic_elasticsearch']
v8.14.2,1,['elastic_elasticsearch']
v8.14.3,1,['elastic_elasticsearch']
v8.14.4,1,['elastic_elasticsearch']
v8.15.0,1,['elastic_elasticsearch']
v8.15.1,1,['elastic_elasticsearch']
v8.15.2,1,['elastic_elasticsearch']
v8.15.3,1,['elastic_elasticsearch']
v8.15.4,1,['elastic_elasticsearch']
v8.15.5,1,['elastic_elasticsearch']
v8.15.6,1,['elastic_elasticsearch']
v8.16.0,1,['elastic_elasticsearch']
v8.16.1,1,['elastic_elasticsearch']
v8.16.2,1,['elastic_elasticsearch']
v8.16.3,1,['elastic_elasticsearch']
v8.16.4,1,['elastic_elasticsearch']
v8.16.5,1,['elastic_elasticsearch']
v8.16.6,1,['elastic_elasticsearch']
v8.16.7,1,['elastic_elasticsearch']
v8.17.0,1,['elastic_elasticsearch']
v8.17.1,1,['elastic_elasticsearch']
v8.17.10,1,['elastic_elasticsearch']
v8.17.11,1,['elastic_elasticsearch']
v8.17.2,1,['elastic_elasticsearch']
v8.17.3,1,['elastic_elasticsearch']
v8.17.4,1,['elastic_elasticsearch']
v8.17.5,1,['elastic_elasticsearch']
v8.17.6,1,['elastic_elasticsearch']
v8.17.7,1,['elastic_elasticsearch']
v8.17.8,1,['elastic_elasticsearch']
v8.17.9,1,['elastic_elasticsearch']
v8.18.0,1,['elastic_elasticsearch']
v8.18.1,1,['elastic_elasticsearch']
v8.18.2,1,['elastic_elasticsearch']
v8.18.3,1,['elastic_elasticsearch']
v8.18.4,1,['elastic_elasticsearch']
v8.18.5,1,['elastic_elasticsearch']
v8.18.6,1,['elastic_elasticsearch']
v8.18.7,1,['elastic_elasticsearch']
v8.18.8,1,['elastic_elasticsearch']
v8.18.9,1,['elastic_elasticsearch']
v8.19.0,1,['elastic_elasticsearch']
v8.19.1,1,['elastic_elasticsearch']
v8.19.2,1,['elastic_elasticsearch']
v8.19.3,1,['elastic_elasticsearch']
v8.19.4,1,['elastic_elasticsearch']
v8.19.5,1,['elastic_elasticsearch']
v8.19.6,1,['elastic_elasticsearch']
v8.19.7,1,['elastic_elasticsearch']
v8.19.8,1,['elastic_elasticsearch']
v8.19.9,1,['elastic_elasticsearch']
v8.2.0,1,['elastic_elasticsearch']
v8.2.1,1,['elastic_elasticsearch']
v8.2.2,1,['elastic_elasticsearch']
v8.2.3,1,['elastic_elasticsearch']
v8.2.4,1,['elastic_elasticsearch']
v8.20.0,1,['elastic_elasticsearch']
v8.3.0,1,['elastic_elasticsearch']
v8.3.1,1,['elastic_elasticsearch']
v8.3.2,1,['elastic_elasticsearch']
v8.3.3,1,['elastic_elasticsearch']
v8.3.4,1,['elastic_elasticsearch']
v8.4.0,1,['elastic_elasticsearch']
v8.4.1,1,['elastic_elasticsearch']
v8.4.2,1,['elastic_elasticsearch']
v8.4.3,1,['elastic_elasticsearch']
v8.4.4,1,['elastic_elasticsearch']
v8.5.0,1,['elastic_elasticsearch']
v8.5.1,1,['elastic_elasticsearch']
v8.5.2,1,['elastic_elasticsearch']
v8.5.3,1,['elastic_elasticsearch']
v8.5.4,1,['elastic_elasticsearch']
v8.6.0,1,['elastic_elasticsearch']
v8.6.1,1,['elastic_elasticsearch']
v8.6.2,1,['elastic_elasticsearch']
v8.6.3,1,['elastic_elasticsearch']
v8.7.0,1,['elastic_elasticsearch']
v8.7.1,1,['elastic_elasticsearch']
v8.7.2,1,['elastic_elasticsearch']
v8.8.0,1,['elastic_elasticsearch']
v8.8.1,1,['elastic_elasticsearch']
v8.8.2,1,['elastic_elasticsearch']
v8.8.3,1,['elastic_elasticsearch']
v8.9.0,1,['elastic_elasticsearch']
v8.9.1,1,['elastic_elasticsearch']
v8.9.2,1,['elastic_elasticsearch']
v8.9.3,1,['elastic_elasticsearch']
v9.0.0,1,['elastic_elasticsearch']
v9.0.1,1,['elastic_elasticsearch']
v9.0.2,1,['elastic_elasticsearch']
v9.0.3,1,['elastic_elasticsearch']
v9.0.4,1,['elastic_elasticsearch']
v9.0.5,1,['elastic_elasticsearch']
v9.0.6,1,['elastic_elasticsearch']
v9.0.7,1,['elastic_elasticsearch']
v9.0.8,1,['elastic_elasticsearch']
v9.0.9,1,['elastic_elasticsearch']
v9.1.0,1,['elastic_elasticsearch']
v9.1.1,1,['elastic_elasticsearch']
v9.1.2,1,['elastic_elasticsearch']
v9.1.3,1,['elastic_elasticsearch']
v9.1.4,1,['elastic_elasticsearch']
v9.1.5,1,['elastic_elasticsearch']
v9.1.6,1,['elastic_elasticsearch']
v9.1.7,1,['elastic_elasticsearch']
v9.1.8,1,['elastic_elasticsearch']
v9.1.9,1,['elastic_elasticsearch']
v9.2.0,1,['elastic_elasticsearch']
v9.2.1,1,['elastic_elasticsearch']
v9.2.2,1,['elastic_elasticsearch']
v9.2.3,1,['elastic_elasticsearch']
v9.3.0,1,['elastic_elasticsearch']
WIP,1,['elastic_elasticsearch']
won't fix,1,['elastic_elasticsearch']
fix available,1,['denoland_deno']
important for fresh,1,['denoland_deno']
needs info,1,['denoland_deno']
needs investigation,1,['denoland_deno']
quick fix,1,['denoland_deno']
triage required 👀,1,['denoland_deno']
user feedback wanted,1,['denoland_deno']
working as designed,1,['denoland_deno']
as designed,1,['laurent22_joplin']
cannot reproduce,1,['laurent22_joplin']
v3.3,1,['laurent22_joplin']
v3.4,1,['laurent22_joplin']
v3.5,1,['laurent22_joplin']
BlockedUpstream,1,['gohugoio_hugo']
CantReproduce,1,['gohugoio_hugo']
DifficultToImplement,1,['gohugoio_hugo']
Duplicate,1,['gohugoio_hugo']
FeedbackWanted,1,['gohugoio_hugo']
GoodFirstIssue,1,['gohugoio_hugo']
Impossible?,1,['gohugoio_hugo']
InProgress,1,['gohugoio_hugo']
Invalid,1,['gohugoio_hugo']
Keep,1,['gohugoio_hugo']
NeedsThinking,1,['gohugoio_hugo']
NeedsTriage,1,['gohugoio_hugo']
NeedsUserFeedback,1,['gohugoio_hugo']
NotSure,1,['gohugoio_hugo']
OK,1,['gohugoio_hugo']
OnHold,1,['gohugoio_hugo']
Outdated,1,['gohugoio_hugo']
ReleaseBlocker,1,['gohugoio_hugo']
S0,1,['gohugoio_hugo']
S1,1,['gohugoio_hugo']
S2,1,['gohugoio_hugo']
Spam,1,['gohugoio_hugo']
v0.123.x,1,['gohugoio_hugo']
v0.146.x,1,['gohugoio_hugo']
backport 1.10,1,['JuliaLang_julia']
backport 1.11,1,['JuliaLang_julia']
backport 1.12,1,['JuliaLang_julia']
backport 1.13,1,['JuliaLang_julia']
backport 1.6,1,['JuliaLang_julia']
backport 1.8,1,['JuliaLang_julia']
backport 1.9,1,['JuliaLang_julia']
bisect completed,1,['JuliaLang_julia']
bisect wanted,1,['JuliaLang_julia']
DO NOT MERGE,1,['JuliaLang_julia']
don't squash,1,['JuliaLang_julia']
existential crisis,1,['JuliaLang_julia']
Hacktoberfest,1,['JuliaLang_julia']
merge me,1,['JuliaLang_julia']
minor change,1,['JuliaLang_julia']
missing data,1,['JuliaLang_julia']
MWE wanted,1,['JuliaLang_julia']
needs compat annotation,1,['JuliaLang_julia']
needs decision,1,['JuliaLang_julia']
needs docs,1,['JuliaLang_julia']
needs full CI,1,['JuliaLang_julia']
needs nanosoldier run,1,['JuliaLang_julia']
needs news,1,['JuliaLang_julia']
needs pkgeval,1,['JuliaLang_julia']
needs tests,1,['JuliaLang_julia']
priority,1,['JuliaLang_julia']
regression 1.10,1,['JuliaLang_julia']
regression 1.11,1,['JuliaLang_julia']
regression 1.12,1,['JuliaLang_julia']
regression 1.13,1,['JuliaLang_julia']
regression 1.9,1,['JuliaLang_julia']
revert,1,['JuliaLang_julia']
reverted,1,['JuliaLang_julia']
rr trace included,1,['JuliaLang_julia']
rr trace wanted,1,['JuliaLang_julia']
status: waiting for issue author (reporter),1,['JuliaLang_julia']
status: waiting for PR author,1,['JuliaLang_julia']
status: waiting for PR reviewer,1,['JuliaLang_julia']
status: waiting for triage feedback,1,['JuliaLang_julia']
won't change,1,['JuliaLang_julia']
😃🍕 and other emoji,1,['JuliaLang_julia']
finished,1,['AlistGo_alist']
out of scope,1,['AlistGo_alist']
pr-welcome,1,['AlistGo_alist']
put on hold,1,['AlistGo_alist']
stale,1,['AlistGo_alist']
working,1,['AlistGo_alist']
特征,1,['AlistGo_alist']
*as-designed,1,['microsoft_vscode']
*caused-by-extension,1,['microsoft_vscode']
*duplicate,1,['microsoft_vscode']
*english-please,1,['microsoft_vscode']
*extension-candidate,1,['microsoft_vscode']
*not-reproducible,1,['microsoft_vscode']
*off-topic,1,['microsoft_vscode']
*out-of-scope,1,['microsoft_vscode']
~confirmation-needed,1,['microsoft_vscode']
~copilot-video-please,1,['microsoft_vscode']
~find-duplicates,1,['microsoft_vscode']
~info-needed,1,['microsoft_vscode']
~spam,1,['microsoft_vscode']
~verification-steps-needed,1,['microsoft_vscode']
~version-info-needed,1,['microsoft_vscode']
api-finalization,1,['microsoft_vscode']
api-proposal,1,['microsoft_vscode']
author-verification-requested,1,['microsoft_vscode']
changes-requested,1,['microsoft_vscode']
confirm-with-newer-runtime,1,['microsoft_vscode']
confirmation-pending,1,['microsoft_vscode']
confirmed,1,['microsoft_vscode']
continue-working-on,1,['microsoft_vscode']
electron-12-update,1,['microsoft_vscode']
electron-13-update,1,['microsoft_vscode']
electron-16-update,1,['microsoft_vscode']
electron-17-update,1,['microsoft_vscode']
electron-18-update,1,['microsoft_vscode']
electron-19-update,1,['microsoft_vscode']
electron-22-update,1,['microsoft_vscode']
electron-24-update,1,['microsoft_vscode']
electron-25-update,1,['microsoft_vscode']
electron-27-update,1,['microsoft_vscode']
electron-28-update,1,['microsoft_vscode']
electron-29-update,1,['microsoft_vscode']
electron-32-update,1,['microsoft_vscode']
electron-34-update,1,['microsoft_vscode']
electron-35-update,1,['microsoft_vscode']
electron-blocker,1,['microsoft_vscode']
fixed-in-electron-13,1,['microsoft_vscode']
fixed-in-electron-14,1,['microsoft_vscode']
fixed-in-electron-16,1,['microsoft_vscode']
fixed-in-electron-17,1,['microsoft_vscode']
fixed-in-electron-18,1,['microsoft_vscode']
fixed-in-electron-19,1,['microsoft_vscode']
fixed-in-electron-20,1,['microsoft_vscode']
fixed-in-electron-21,1,['microsoft_vscode']
fixed-in-electron-22,1,['microsoft_vscode']
fixed-in-electron-25,1,['microsoft_vscode']
fixed-in-electron-27,1,['microsoft_vscode']
fixed-in-electron-28,1,['microsoft_vscode']
ghcs-adoption-needed,1,['microsoft_vscode']
ghcs-in-progress,1,['microsoft_vscode']
ghcs-pushed,1,['microsoft_vscode']
ghcs-scenario-blocking,1,['microsoft_vscode']
ghcs-scenario-found,1,['microsoft_vscode']
help translation,1,['microsoft_vscode']
important,1,['microsoft_vscode']
info-needed,1,['microsoft_vscode']
inline-chat-v1,1,['microsoft_vscode']
inline-chat-v2,1,['microsoft_vscode']
invalid-testplan-item,1,['microsoft_vscode']
on-hold,1,['microsoft_vscode']
on-release-notes,1,['microsoft_vscode']
on-testplan,1,['microsoft_vscode']
release-notes,1,['microsoft_vscode']
repro-steps-needed,1,['microsoft_vscode']
team-low-hanging,1,['microsoft_vscode']
terminal-quick-fix,1,['microsoft_vscode']
translation-required-arabic,1,['microsoft_vscode']
translation-required-chinese-simplified,1,['microsoft_vscode']
translation-required-chinese-traditional,1,['microsoft_vscode']
translation-required-croatian,1,['microsoft_vscode']
translation-required-czech,1,['microsoft_vscode']
translation-required-dutch,1,['microsoft_vscode']
translation-required-filipino,1,['microsoft_vscode']
translation-required-french,1,['microsoft_vscode']
translation-required-german,1,['microsoft_vscode']
translation-required-hebrew,1,['microsoft_vscode']
translation-required-hungarian,1,['microsoft_vscode']
translation-required-indonesian,1,['microsoft_vscode']
translation-required-italian,1,['microsoft_vscode']
translation-required-japanese,1,['microsoft_vscode']
translation-required-korean,1,['microsoft_vscode']
translation-required-persian,1,['microsoft_vscode']
translation-required-polish,1,['microsoft_vscode']
translation-required-portuguese-brazil,1,['microsoft_vscode']
translation-required-romanian,1,['microsoft_vscode']
translation-required-russian,1,['microsoft_vscode']
translation-required-spanish,1,['microsoft_vscode']
translation-required-swedish,1,['microsoft_vscode']
translation-required-thai,1,['microsoft_vscode']
translation-required-tongan,1,['microsoft_vscode']
translation-required-turkish,1,['microsoft_vscode']
translation-required-ukrainian,1,['microsoft_vscode']
translation-required-undefined,1,['microsoft_vscode']
translation-required-vietnamese,1,['microsoft_vscode']
translation-required-welsh,1,['microsoft_vscode']
translation-required-yucatec-maya,1,['microsoft_vscode']
triage-needed,1,['microsoft_vscode']
under-discussion,1,['microsoft_vscode']
undo-redo,1,['microsoft_vscode']
upstream-issue-fixed,1,['microsoft_vscode']
upstream-issue-linked,1,['microsoft_vscode']
upstream-issue-pending,1,['microsoft_vscode']
verification-found,1,['microsoft_vscode']
verification-needed,1,['microsoft_vscode']
verification-steps-needed,1,['microsoft_vscode']
verified,1,['microsoft_vscode']
windows 11,1,['microsoft_vscode']
windows 7,1,['microsoft_vscode']
wont-fix,1,['microsoft_vscode']
$20,1,['go-gitea_gitea']
$200,1,['go-gitea_gitea']
$250,1,['go-gitea_gitea']
$300,1,['go-gitea_gitea']
$50,1,['go-gitea_gitea']
$500,1,['go-gitea_gitea']
$70,1,['go-gitea_gitea']
backport/done,1,['go-gitea_gitea']
backport/manual,1,['go-gitea_gitea']
backport/v1.24,1,['go-gitea_gitea']
backport/v1.25,1,['go-gitea_gitea']
frontport/done,1,['go-gitea_gitea']
frontport/main,1,['go-gitea_gitea']
issue/bounty,1,['go-gitea_gitea']
issue/confirmed,1,['go-gitea_gitea']
issue/critical,1,['go-gitea_gitea']
issue/duplicate,1,['go-gitea_gitea']
issue/needs-feedback,1,['go-gitea_gitea']
issue/stale,1,['go-gitea_gitea']
lgtm/blocked,1,['go-gitea_gitea']
lgtm/done,1,['go-gitea_gitea']
lgtm/need 1,1,['go-gitea_gitea']
lgtm/need 2,1,['go-gitea_gitea']
outdated/backport/v1.18,1,['go-gitea_gitea']
outdated/backport/v1.19,1,['go-gitea_gitea']
proposal/accepted,1,['go-gitea_gitea']
proposal/rejected,1,['go-gitea_gitea']
reviewed/prioritize-merge,1,['go-gitea_gitea']
reviewed/wait-merge,1,['go-gitea_gitea']
reviewed/wontfix,1,['go-gitea_gitea']
status/blocked,1,['go-gitea_gitea']
Reason: Cannot Fix,1,['NationalSecurityAgency_ghidra']
Reason: Cannot Reproduce,1,['NationalSecurityAgency_ghidra']
Reason: Duplicate,1,['NationalSecurityAgency_ghidra']
Reason: Inactivity,1,['NationalSecurityAgency_ghidra']
Reason: Internal effort,1,['NationalSecurityAgency_ghidra']
Reason: Internal-only,1,['NationalSecurityAgency_ghidra']
Reason: Invalid,1,['NationalSecurityAgency_ghidra']
Reason: Level of effort,1,['NationalSecurityAgency_ghidra']
Reason: OBE,1,['NationalSecurityAgency_ghidra']
Reason: Out of scope,1,['NationalSecurityAgency_ghidra']
Reason: Won't support,1,['NationalSecurityAgency_ghidra']
Reason: Working as intended,1,['NationalSecurityAgency_ghidra']
Status: Future,1,['NationalSecurityAgency_ghidra']
Status: Help Wanted,1,['NationalSecurityAgency_ghidra']
Status: Internal,1,['NationalSecurityAgency_ghidra']
Status: Prioritize,1,['NationalSecurityAgency_ghidra']
Status: Triage,1,['NationalSecurityAgency_ghidra']
Status: Waiting on customer,1,['NationalSecurityAgency_ghidra']
